Управление; Операции; Производство; Логистика; Исследования И Разработки; Продажи; Маркетинг; Администрирование; Юриспруденция; Финансы И Бухгалтерский Учет; Человеческие Ресурсы; Информационные Технологии; Креатив;Дизайн;Связи С Общественностью
Бюджетирование; торги; дизайн оборудования; дистрибуция; дизайн и спецификация; управление счетом; реклама; переговоры по контракту;подготовка контракта;Бухгалтерский учет; арбитраж / посредничество;разработка алгоритмов; развитие персонажа;Теория цвета;b2b-коммуникация
Управление Изменениями; Управление Контрактами; Управление Оборудованием; Закупки И Закупки; Полевые Исследования;Отношения С Клиентами; Конкурентный Анализ; Аренда; Секретарь Компании; Дебиторская Задолженность;Объявления; Разработка Приложений;Музыкальная Композиция; Руки; Корпоративный Имидж
Принятие Решений; Управление Запасами; Обработка Заказов; Складирование; Дизайн Нового Оборудования;Отношения С Дистрибьюторами;Разработка Имиджа;Политика И Процедуры; Интеллектуальная Собственность; Аудит; Компенсация И Преимущества;Планирование Мощностей;Креативное Письмо; Picasa;Корпоративные Отношения
Оценка сотрудников; аутсорсинг; планирование производства; транспорт; тестирование продукции; программы стимулирования; Маркетинговые коммуникации;безопасность; слияния и поглощения; бюджетирование капитала; дисциплина сотрудников; EDI; разработка сюжетной линии;дизайн и верстка; сбор средств
Нанимать; Руководство Проектом;Обслуживание & Ремонт Оборудования;Перевозка Груза; Dev Имитации.;Международная экспансия;закупка средств/оценка;закупка оборудования;шток управления;учет затрат;рассмотрение жалоб;планирования ресурсов предприятия или ERP-систем;чертеж;плетельщица снов;выступлений в средствах массовой информации
ИПО;операции, call-центр;стандарту ISO 9XXX / 1XXXXX;JIT-компилятором;Диагностика;презентации продуктов;разработка новых продуктов;ведение корреспонденции;авторские права и товарные знаки;переговоры задолженности;трудовые отношения;управление информацией;визуальная композиция;иллюстратор;общественные отношения
Слияние и поглощения; Охрана окружающей среды; проектирование и планировка завода;управление трафиком; управление лабораториями;Управление продажами; ценообразование; прием; постановление О занятости; финансовый анализ;Аутплейсмент; языки-JAVA, C+++ и т. д.;; Corel Draw; корпоративная благотворительность
Прибыль И Потери; Планирование Трудовых Ресурсов; Обеспечение Качества;; Патентная Заявка;Управление Продажами;Управление Брендом;Планирование Пространства; Международные Соглашения;Прогнозирование; Планирование Преемственности; Настройка Программного Обеспечения;; Фотография;Общение Сотрудников
Развитие штата; политики & процедуры; TQM;; развитие прототипа;поддержка Сбываний;Copywriting; формы и методы;патенты; Страхсбор; консультировать карьеры; конструкция системы;; вспышка;отношения правительства
Надзор; постоянное совершенствование; процессная инженерия;; статистический анализ; b2b; разработка логотипа; офисное управление; Корпоративное право; IPO; ориентация на компанию; техническая поддержка;; Photoshop; Пресс-релиз
Бизнес-планирование; управление объектами; техника безопасности;; технико-экономические обоснования; обслуживание клиентов;маркетинговый план;управление записями; IPO;управленческая отчетность;корпоративная культура;система отслеживания;; типография; написание речи
Консолидации;Исследование Операций;;;Лаборатория Дизайн;Электронная Коммерция;СМИ;Обработка Текста;Лицензирование;Планирование Продаж;Подбор Персонала;Обучение Пользователей;;;Корпоративные Издания
Разработка политики; координация проекта;;; разработка продукта; развитие международного бизнеса; интернет-маркетинг;; доверенные лица акционеров;налог;Управление человеческими ресурсами;поиск поставщиков;;; планирование событий
Финансирование;;;; Управление НИОКР; Разработка Нового Счета; Запуск Продукта;;; Кредиторская Задолженность; Анализ Вакансий; Веб-Разработка / Дизайн;;; Обеспечение Инвесторов
Международный Менеджмент;;;;Технических Документов;Телемаркетинг;Канал Сбыта;;;Приобретений И Слияний;Оценка Эффективности;Приложение Для Администрирования Базы Данных;;;Риск МГТ Связи
Совместные Предприятия;;;;; Анализ Продаж; Фирменный Стиль;;; Банковские Отношения; Тимбилдинг;Планирование Бизнес-Систем;;;
Мульти-узлы управления;;;;;подбор менеджеров по продажам;изучение рынка и анализ;;;капитальные вложения;карьерный коучинг;CRM-системы;;;
Организационное развитие;;;;; обучение продажам; маркетинговые акции;;; контроль затрат; кадровый прогноз / планирование; управление активами предприятия;;;
Стратегическое Партнерство;;;;;Согласование Договора;Мерчандайзинг;;;Долевое Участие/Управление Задолженностью;Обучение Администрированию;Интеграция Программного Обеспечения;;;
Реинжиниринг бизнеса;;;;;Прямые продажи; упаковка;;; финансовая отчетность; рекрутинг руководителей; разработка программного обеспечения;;;
Управление Затратами;;;;; Прогнозирование;;;; Иностранная Валюта; Трудовые Переговоры; Развитие Системы;;;
Диверсификации;;;;;Написание Заявок;;;;Внутренний Контроль;Управление Оплатой Труда;Составление Технической Документации;;;
Связи с правительством;;;;; выставки;;;; кредитование; обучение; UNIX;;;
Связи С Инвесторами;;;;; Комплекты Для Продажи;;;; Расчет Заработной Платы;; Пользовательская Документация;;;
Трудовых Отношений;;;;;Управления Показать Номер;;;;Риск-Менеджмент;;Голоса И Передачи Данных;;;
Переговоры;;;;;;;;;Казначейство;; Автор Содержимого Веб-Сайта;;;
Управление Проектами;;;;;;;;;Венчурные Отношения;; Редактор Веб-Сайта;;;
Стратегическое планирование;;;;;;;;;актуарный / рейтинговый анализ;;CAD;;;
;;;;;;;;; Бюджетный контроль;; ВП;;;
;;;;;;;;; Управление Денежными Средствами;; Управление Оборудованием;;;
;;;;;;;;; Кредит / Коллекции;; Развитие Интранета;;;
;;;;;;;;; Технико-Экономическое Обоснование;; Проектирование/Разработка Портала;;;
;;;;;;;;; Финансирование;; Системный Анализ;;;
;;;;;;;;; Главная Книга;; Техническая Евангелизация;;;
;;;;;;;;; Связи С Инвесторами;; Телекоммуникации;;;
;;;;;;;;;Кредитные линии;;эргономика;;;
;;;;;;;;; Управление Фондами;; Пользовательский Интерфейс;;;
;;;;;;;;; Отношения С Акционерами;;Обработка Текстов;;;
;;;;;;;;; Презентации Для Инвесторов;;;;;