Management;Operations;Production;Logistics;Research & Development;Sales;Marketing;Administration;Legal;Finance & Accounting;Human Resources;Information Technology;Creative;Design;Public Relation
Budgeting;Bidding;Equipment Design;Distribution;Design & Specification;Account Management;Advertising;Contract Negotiation;Contract Preparation;Accounting Management;Arbitration/Mediation;Algorithm Development;Character Development;Colour Theory;B2B Communication
Change Management;Contract Management;Equipment Management;Purchasing & Procurement;Field Studies;Customer Relations;Competitive Analysis;Leases;Company Secretary;Accounts Receivable;Classified Advertisements;Applications Development;Musical Composition;Freehand;Corporate Image
Decision Making;Inventory Control;Order Processing;Warehousing;New Equipment Design;Distributor Relations;Image Development;Policies & Procedures;Intellectual Property;Auditing;Compensation & Benefits;Capacity Planning;Creative Writing;Picasa;Corporate Relations
Employee Evaluation;Outsourcing;Production Planning;Transportation;Product Testing;Incentive Programs;Marketing Communication;Security;Mergers & Acquisitions;Capital Budgeting;Employee Discipline;EDI;Story Line Development;Print Design & Layout;Fund Raising
Hiring;Project Management;Equipment Maintenance & Repair;Shipping;Simulation Dev.;International Expansion;Media Buying/Evaluation;Equipment Purchasing;Stock Administration;Cost Accounting;Grievance Resolution;Enterprise Resource Planning ERP;Drawing;Dreamweaver;Media Presentations
IPO;Call Centre Operations;ISO 9XXX / 1XXXXX;JIT;Diagnostics;Product Demonstrations;New Product Development;Mailroom Management;Copyrights & Trademarks;Debt Negotiations;Industrial Relations;Information Management;Visual Composition;Illustrator;Community Relations
Merger & Acquisitions;Environmental Protection;Plant Design & Layout;Traffic Management;Lab Management;Sales Administration;Pricing;Reception;Employment Ordinance;Financial Analysis;Outplacement;Languages – JAVA, C+++, etc;;Corel Draw;Corporate Philanthropy
Profit & Loss;Manpower Planning;Quality Assurance;;Patent Application;Sales Management;Brand Management;Space Planning;International Agreements;Forecasting;Succession Planning;Software Customization;;Photography;Employee Communication
Staff Development;Policies & Procedures;TQM;;Prototype Development;Sales Support;Copywriting;Forms and Methods;Patents;Insurance;Career Counseling;System Design;;Flash;Government Relations
Supervision;Continuous Improvement;Process Engineering;;Statistical Analysis;B2B;Logo Development;Office Management;Corporate Law;IPO;Company Orientation;Technical Support;;Photoshop;Press Release
Business Planning;Facility Management;Safety Engineering;;Feasibility Studies;Customer Service;Marketing Plan;Records Management;IPO;Management Reporting;Corporate Culture;Tracking System;;Typography;Speech Writing
Consolidation;Operations Research;;;Lab Design;E-Commerce;Media Relations;Word Processing;Licensing;Profit Planning;Employee Selection;User Education;;;Corporate Publications
Developing Policies;Project Co-ordination;;;Product Development;International Business Development;Online Marketing;;Shareholder proxies;Tax;Human Resources Management;Vendor Sourcing;;;Event Planning
Financing;;;;R&D Management;New Account Development;Product Launch;;;Accounts Payable;Job Analysis;Web Development/Design;;;Investor Collateral
International Management;;;;Technical Writing;Telemarketing;Channel Marketing;;;Acquisitions & Mergers;Performance Appraisal;Application Database Administration;;;Risk Mgt Communication
Joint Ventures;;;;;Sales Analysis;Corporate Identity;;;Banking Relations;Team Building;Business Systems Planning;;;
Multi-sites Management;;;;;Salespersons Recruitment;Market Research & Analysis;;;Capital Investment;Career Coaching;CRM;;;
Organizational Development;;;;;Sales Training;Marketing promotions;;;Cost Control;Workforce Forecast/Planning;Enterprise Asset Management;;;
Strategic Partnership;;;;;Contract Negotiation;Merchandising;;;Equity/Debt Management;Training Administration;Integration Software;;;
Business Re-engineering;;;;;Direct Sales;Packaging;;;Financial Reporting;Executive Recruiting;Software Development;;;
Cost Control;;;;;Forecasting;;;;Foreign Exchange;Labour Negotiations;System Development;;;
Diversification;;;;;Proposal Writing;;;;Internal Controls;Salary Administration;Technical Writing;;;
Government Relations;;;;;Trade Shows;;;;Lending;Training;UNIX;;;
Investor Relations;;;;;Sales Kits;;;;Payroll;;User Documentation;;;
Labour Relations;;;;;Show Room Management;;;;Risk Management;;Voice & Data Communications;;;
Negotiation;;;;;;;;;Treasury;;Web Site Content Writer;;;
Project Management;;;;;;;;;Venture Capital Relations;;Web Site Editor;;;
Strategic Planning;;;;;;;;;Actuarial/Rating Analysis;;CAD;;;
;;;;;;;;;Budget Control;;EAP;;;
;;;;;;;;;Cash Management;;Hardware Management;;;
;;;;;;;;;Credit/Collections;;Intranet Development;;;
;;;;;;;;;Feasibility Studies;;Portal Design/Development;;;
;;;;;;;;;Financing;;System Analysis;;;
;;;;;;;;;General Ledger;;Technical Evangelism;;;
;;;;;;;;;Investor Relations;;Telecommunications;;;
;;;;;;;;;Lines of Credit;;Usability Engineering;;;
;;;;;;;;;Fund Management;;User Interface;;;
;;;;;;;;;Stockholder Relations;;Word Processing;;;
;;;;;;;;;Investor Presentations;;;;;
